{"schemaVersion":"1.0","appDefinitionTemplate":{"id":"/providers/Microsoft.PowerApps/apps/","type":"Microsoft.PowerApps/apps","tags":{"primaryDeviceWidth":"1366","primaryDeviceHeight":"768","supportsPortrait":"true","supportsLandscape":"true","primaryFormFactor":"Tablet","publisherVersion":"3.22122.15","minimumRequiredApiVersion":"2.2.0","hasComponent":"false","hasUnlockedComponent":"false","isUnifiedRootApp":"false","sienaVersion":"20221226T153211Z-3.22122.15.0"},"properties":{"appVersion":"2022-12-26T15:32:11Z","lifeCycleId":"Published","createdByClientVersion":{"major":3,"minor":22122,"build":15,"revision":0,"majorRevision":0,"minorRevision":0},"minClientVersion":{"major":3,"minor":22122,"build":15,"revision":0,"majorRevision":0,"minorRevision":0},"backgroundColor":"RGBA(0,176,240,1)","backgroundImageUri":"/17941627272366187833/Nf240a873-5c8a-4795-ba06-472d3b7fe181-logoSmallFile","displayName":"deneme","description":"","commitMessage":"","appUris":{"documentUri":{"value":"/17941627272366187833/N9a812a70-5d33-46d1-9cdc-bdacdc6f4cc9-document.msapp"},"imageUris":[],"additionalUris":[]},"createdTime":"0001-01-01T00:00:00Z","lastModifiedTime":"0001-01-01T00:00:00Z","sharedGroupsCount":0,"sharedUsersCount":0,"icons":{"smallIconUri":"/17941627272366187833/N1cc0866a-621f-4964-89f7-35971b6fa9b2-small.png","mediumIconUri":"/17941627272366187833/Nb2e783a4-3527-4ba1-9522-ba481b1754cf-medium.png","largeIconUri":"/17941627272366187833/Nbf34e5fc-0340-4355-ab07-fadf3b77b1c1-large.png","wideIconUri":"/17941627272366187833/N79451b81-db19-4442-95bc-9da959df2c68-wide.png"},"connectionReferences":{"4c31e4cf-92aa-40be-8c9e-bf2e2c76e9c5":{"id":"e280c557-a939-495c-a1dd-1900274462a5","displayName":"Office 365 Users","iconUri":"https://connectoricons-prod.azureedge.net/releases/v1.0.1611/1.0.1611.3104/office365users/icon.png","dataSources":["Office365Users"],"dependencies":[],"dependents":[],"parameterHints":{},"parameterHintsV2":{},"isOnPremiseConnection":false,"bypassConsent":false,"dataSets":{},"apiTier":"Standard","isCustomApiConnection":false},"1efeef9d-5f35-4e1b-a2c4-f30b726a2c52":{"id":"e6c11f6b-6d7c-4f6e-b2b1-372d673d10c8","displayName":"SharePoint","iconUri":"https://connectoricons-prod.azureedge.net/u/juanq/gateway/greyhound/3000.150.11/1.0.1613.3116/sharepointonline/icon.png","dataSources":["doganni_hw_techcareer"],"dependencies":[],"dependents":[],"parameterHints":{},"parameterHintsV2":{},"isOnPremiseConnection":false,"bypassConsent":false,"dataSets":{"https://bynalbant.sharepoint.com/sites/doganni_hw_techcareer":{"dataSources":{"doganni_hw_techcareer":{"tableName":"7625af16-31e3-4ee7-9b75-9e8093de08d9"}}}},"apiTier":"Standard","isCustomApiConnection":false,"actions":["providers/PowerPlatform.Governance/Operations/Read","providers/PowerPlatform.Governance/Operations/Write"]}},"databaseReferences":{},"almMode":"Environment","performanceOptimizationEnabled":true,"canConsumeAppPass":true,"enableModernRuntimeMode":false,"executionRestrictions":{"isTeamsOnly":false,"dataLossPreventionEvaluationResult":{"status":"Compliant","lastEvaluationDate":"2022-12-25T18:56:17.9089914Z","violations":[],"violationsByPolicy":[],"violationErrorMessage":"The app uses the following connectors: shared_office365users, shared_sharepointonline."}}},"appType":"ClassicCanvasApp","appComponents":[]}}